shape_id,shape_len,period,speed_miles_per_minute,color
1 YELLOW ALT 25,15081,47,320.8723404,#3180B6
100 LATE 3,4498,14,321.2857143,#3180B6
100 LATE 5,11485,29,396.0344828,#3180B6
100N,25849,70,369.2714286,#3180B6
100N->IT,16246,45,361.0222222,#3180B6
100N-LATE,4606,14,329,#3180B6
100NIT->,9602,25,384.08,#3180B6
100NLTNT->,12077,31,389.5806452,#3180B6
100S,24831,70,354.7285714,#3180B6
100S->PLAZA,10669,35,304.8285714,#3180B6
100SLTNT->,11573,29,399.0689655,#3180B6
10E,16803,38,442.1842105,#3180B6
10W AMBP->LSG,11488,23,499.4782609,#3180B6
10W GOLD ALT 1,18958,37,512.3783784,#3180B6
10WLSG->,12119,31,390.9354839,#3180B6
10WSV1,3805,8,475.625,#3180B6
120W TEAL LATE 12,5670,19,298.4210526,#EDF7B4
12E TEAL 13,6130,17,360.5882353,#3180B6
12E TEAL WEEKEND 13,6130,20,306.5,#3180B6
12W TEAL 12,5683,19,299.1052632,#EDF7B4
12W TEAL WEEKEND 12,5683,19,299.1052632,#EDF7B4
130N SILVER EVENING 1,5788,18,321.5555556,#3180B6
130N SILVER EVENING 2,4657,14,332.6428571,#3180B6
130N SILVER LATE 1,5788,18,321.5555556,#3180B6
130N SILVER WEEKEND 1,5788,18,321.5555556,#3180B6
130N SILVER WEEKEND 2,4657,14,332.6428571,#3180B6
130N SILVERLATE 2,4657,14,332.6428571,#3180B6
130S SILVER EVENING 3,5896,17,346.8235294,#3180B6
130S SILVER LATE 3,5917,17,348.0588235,#3180B6
130S SILVER WEEKEND 3,5896,17,346.8235294,#3180B6
1415,21738,45,483.0666667,#3180B6
1420,17326,47,368.6382979,#3180B6
1425,23357,66,353.8939394,#3180B6
1505,20636,47,439.0638298,#3180B6
1525,11901,26,457.7307692,#3180B6
1N YELLOW 5,4603,15,306.8666667,#3180B6
1N YELLOW 9,9208,25,368.32,#3180B6
1S YELLOW 19,14549,33,440.8787879,#3180B6
20C GW->MP,9967,27,369.1481481,#3180B6
20C PS->GW,5862,15.5,366.375,#3180B6
20C->MP,15455,41,376.9512195,#3180B6
20U ->IU,9858,31,318,#3180B6
20U IT->PS,7859,20,392.95,#3180B6
20U IU->PS,5620,14,401.4285714,#3180B6
20U->PS,15478,45,343.9555556,#3180B6
220N ILLINI 10,10343,34,304.2058824,#3180B6
220S ILLINI 20,9655,34,283.9705882,#EDF7B4
22N,4226,12,352.1666667,#3180B6
22N 316,4226,12,352.1666667,#3180B6
22N ILLINI 10,10343,34,304.2058824,#3180B6
22N ILLINI LIMITED WEEKEND,4226,12,352.1666667,#3180B6
22S ILLINI 20,9655,34,283.9705882,#EDF7B4
22S ILLINI 21,3499,8,437.375,#3180B6
30NCMBLQ->BB,3736,10,373.6,#3180B6
30NIT->BB,12634,29,435.6551724,#3180B6
30NIT->CMBLQN,8897,21,423.6666667,#3180B6
30SBB->IT,12770,28,456.0714286,#3180B6
3N,9889,27,366.2592593,#3180B6
3S ALT 1,19345,43,449.8837209,#3180B6
3S->IT,12068,32,377.125,#3180B6
4E->GRNWRT:5,10669,26,410.3461538,#3180B6
4W,12989,35,371.1142857,#3180B6
4W BLUE ALT 1,22015,42,524.1666667,#3180B6
4W BLUE ALT PM 1440,15052,45,334.4888889,#3180B6
4W BLUE ALT PM 310,9324,20,466.2,#3180B6
4W BLUE ALT ]2,20656,49,421.5510204,#3180B6
50E GREEN 53,8553,24,356.375,#3180B6
50E HOPPER 102,12196,33,369.5757576,#3180B6
50E HOPPER 103,8177,22,371.6818182,#3180B6
50E->50WLNIGHT,6489,15,432.6,#3180B6
50E->MNBDY,9144,17,537.8823529,#3180B6
50E->PC,17657,48,367.8541667,#3180B6
50E-WKND-HP->CF,22013,70,314.4714286,#3180B6
50ELTNT->,6489,15,432.6,#3180B6
50W GREEN 55,23597,58,406.8448276,#3180B6
50W GREEN 57,20136,52,387.2307692,#3180B6
50W GREEN 59,15523,41,378.6097561,#3180B6
50W HOPPER 104,12879,34,378.7941176,#3180B6
50W HOPPER 105,7540,23,327.826087,#3180B6
50W-LATE,5055,15,337,#3180B6
50WLTNT->,5055,15,337,#3180B6
5E,20928,64,327,#3180B6
5E EXP 1 ALT,27714,62,447,#3180B6
5E EXP->IU,5069,15,337.9333333,#3180B6
5E GREEN EXP 1,30412,71,428.3380282,#3180B6
5E GREEN EXP 2,9158,20,457.9,#3180B6
5E HOPPER 79,17865,50,357.3,#3180B6
5E NO CSQ,7771,14,555.0714286,#3180B6
5E->IU,11118,30,370.6,#3180B6
5EIU->LS,2096,7.9,262,#EDF7B4
5ETOCF,4670,12,389.1666667,#3180B6
5ETOCF->,4670,13,359.2307692,#3180B6
5EX->VET,17847,50,356.94,#3180B6
5W CCSJ SG,20825,58,359.0517241,#3180B6
5W HOPPER 80,15429,39,395.6153846,#3180B6
5W HOPPER 81,18570,47,395.106383,#3180B6
5W HOPPER 83,7354,27,272.3703704,#EDF7B4
5W HOPPER 84,12396,31,399.8709677,#3180B6
5W HOPPER 85,10495,28,374.8214286,#3180B6
5W->740,14562,39,373.3846154,#3180B6
5W->IUE,9653,30,321.7666667,#3180B6
5W-AM,19906,55.6,355.4642857,#3180B6
5W-AM640,9549,25,381.96,#3180B6
5W-AMIUE->,9549,20,477.45,#3180B6
5W-AMMNLRMN,12119,31,390.9354839,#3180B6
5W-PM,19202,53,362.3018868,#3180B6
5W-PMFLPHILO->,14461,37,390.8378378,#3180B6
5W-PMLSE->,11428,27.1833,423.2592593,#3180B6
5W740->,6331,15,422.0666667,#3180B6
5WCF,2493,6,415.5,#3180B6
5WIUE->,9549,19,502.5789474,#3180B6
5WLSE->,11428,36,317.4444444,#3180B6
5WPM->LSE,7774,19,409.1578947,#3180B6
5WPM->LSE ONLY,7774,19,409.1578947,#3180B6
5WPMIT->,7106,17,418,#3180B6
5WPMLSE->IT,4321,18,240.0555556,#EDF7B4
5WX->CF,7634,25,305.36,#3180B6
5WXCF->,9593,23,417.0869565,#3180B6
5WXIUE->DNST,14608,34,429.6470588,#3180B6
5WXPM,17228,39,441.7435897,#3180B6
6WIT->CF HOPPER,5842,20,292.1,#EDF7B4
70E,21301,51,417.6666667,#3180B6
70E->50WLATE,7265,18,403.6111111,#3180B6
70E->LSG,14102,33,427.3333333,#3180B6
70E-WKND,22324,56,398.6428571,#3180B6
70W,20841,54,385.9444444,#3180B6
70W-WKND,14934,42,355.5714286,#3180B6
70WIT->CF,21443,58,369.7068966,#3180B6
7E,19388,44,440.6363636,#3180B6
7E ALT 2,3762,15,250.8,#EDF7B4
7E GREY ALT 1,8898,25,355.92,#3180B6
7E GREY ALT 5,3552,15,236.8,#EDF7B4
7E->740,6731,22,305.9545455,#3180B6
7E->LSG,19388,50,387.76,#3180B6
7E5THBRAD->,10379,23,451.2608696,#3180B6
7E740->,2277,7,325.2857143,#3180B6
7EIT->,12656,29,436.4137931,#3180B6
7W,19029,45,422.8666667,#3180B6
7W GREY ALT 1,11083,32,346.34375,#3180B6
7W->LSE,4710,9,523.3333333,#3180B6
7WLSE->,14318,35,409.0857143,#3180B6
8E,9660,31,311.6129032,#3180B6
8W,10611,25,424.44,#3180B6
8W BRONZE 5,6188,14,442,#3180B6
BLUE 3,7868,20,393.4,#3180B6
BLUE 51,12729,32,397.78125,#3180B6
BRONZE 6,1410,3,470,#3180B6
GN1PO,3258,5,651.6,#82CCBB
GN1SATPO,1488,3,496,#3180B6
GN1SUNPO,1410,3,470,#3180B6
GN2PO,2411,4,602.75,#82CCBB
GN3SUNPO,1439,3,479.6666667,#3180B6
GN4 SU PO,7884,20,394.2,#3180B6
GN7PO-,3258,5,651.6,#82CCBB
GNX2PO,10591,15,706.0666667,#82CCBB
GOLD 11,8789,16,549.3125,#3180B6
GOLD 14,13374,35,382.1142857,#3180B6
GOLD 16,16051,44,364.7954545,#3180B6
GOLD 161,5965,15,397.6666667,#3180B6
GOLD 19,3923,12,326.9166667,#3180B6
GOLD 21,10837,28,387.0357143,#3180B6
GOLD 25,5757,15,383.8,#3180B6
GOLD 26,6030,10,603,#82CCBB
GOLD 27,10071,20,503.55,#3180B6
GOLD 421,12941,34,380.6176471,#3180B6
GOLD 422,5320,15,354.6666667,#3180B6
GOLD 423,12729,35,363.6857143,#3180B6
GOLD 424,22987,51,450.7254902,#3180B6
GOLD 425,11498,31,370.9032258,#3180B6
GOLD 45,7247,10,724.7,#82CCBB
GOLD 46,3457,8,432.125,#3180B6
GOLD 553,11488,22,522.1818182,#3180B6
GOLD 673,1126,4,281.5,#EDF7B4
GOLD 72,3741,5,748.2,#82CCBB
GOLD 89,7408,20,370.4,#3180B6
GOLD 90,5965,15,397.6666667,#3180B6
GOLDHOPPER 1,4943,14,353.0714286,#3180B6
GOLDHOPPER 2,5084,15,338.9333333,#3180B6
GOLDHOPPER 9,6030,15,402,#3180B6
GR2PO,3769,7,538.4285714,#3180B6
GR4PO,1439,3,479.6666667,#3180B6
GREEN 30,7868,20,393.4,#3180B6
GREEN 37,9810,25,392.4,#3180B6
GREEN 525,16164,52,310.8461538,#3180B6
GREEN 893,8707,26,334.8846154,#3180B6
GREEN 894,12278,32,383.6875,#3180B6
GREEN 905,9396,28,335.5714286,#3180B6
GREEN 907,11428,34,336.1176471,#3180B6
GREEN EV 72,3461,6,576.8333333,#3180B6
GREEN EVENING 39,17666,45,392.5777778,#3180B6
GREEN EVENING 52,20691,51,405.7058824,#3180B6
GREEN EX 1,16644,38,438,#3180B6
GREEN EX 27,4548,10,454.8,#3180B6
GREEN EX 49,12427,20,621.35,#82CCBB
GREEN WEEKEND 23,11743,31,378.8064516,#3180B6
GREEN WEEKEND 44,4049,7,578.4285714,#3180B6
GREENHOPPER 89,10785,32,337.03125,#3180B6
GREENHOPPER WEEKEND 07,4321,14,308.6428571,#3180B6
GREENHOPPER WEEKEND 106,9660,25,386.4,#3180B6
GREY 580,11864,33,359.5151515,#3180B6
GREY 582,7164,16,447.75,#3180B6
HOPPER EV 107,15239,37,411.8648649,#3180B6
HOPPER EV 108,8177,21,389.3809524,#3180B6
HOPPER EV 62,15615,43,363.1395349,#3180B6
HOPPER EV 63,7540,25,301.6,#3180B6
ILLINI 34,6331,23,275.2608696,#EDF7B4
ILLINI 46,3769,10,376.9,#3180B6
ILLINI 47,3971,10,397.1,#3180B6
ILLINI 845,4443,13,341.7692308,#3180B6
ILLINI 845 315,4443,13,341.7692308,#3180B6
ILLINI EV 25,3971,10,397.1,#3180B6
ILLINI LIMITED WEEKEND 845,4443,13,341.7692308,#3180B6
L1SATPO,10569,12,880.75,#82CCBB
L2SATPO,3892,10,389.2,#3180B6
LAVENDER 2,13376,32,418,#3180B6
NAVY 1,14659,31,472.8709677,#3180B6
NAVY 2,3317,9,368.5555556,#3180B6
NAVY 48,6030,12,502.5,#3180B6
NAVY 49,4824,9,536,#3180B6
NAVY 5,14969,34,440.2647059,#3180B6
NAVY 50,12531,20,626.55,#82CCBB
OD1PO,9545,15,636.3333333,#82CCBB
ORANGEHOPPER 11,4796,13,368.9230769,#3180B6
ORB4PO,10591,12,882.5833333,#82CCBB
R1SATPO,3258,5,651.6,#82CCBB
R2SATPO,3493,5,698.6,#82CCBB
R3SATPO,3844,10,384.4,#3180B6
RED 1,19593,54,362.8333333,#3180B6
RED 13,21269,62,343.0483871,#3180B6
RED 17,23299,69,337.6666667,#3180B6
RED 2,21621,62,348.7258065,#3180B6
RED 3,16940,50,338.8,#3180B6
RED 4,11364,35,324.6857143,#3180B6
RED 6,19760,52,380,#3180B6
RED 7,9803,20,490.15,#3180B6
RED 8,8016,22,364.3636364,#3180B6
RED 9,21789,53,411.1132075,#3180B6
S2PO,3844,10,384.4,#3180B6
SILVER 120,4787,15,319.1333333,#3180B6
SILVER 121,4787,15,319.1333333,#3180B6
SILVER 2,4657,14,332.6428571,#3180B6
SILVER 42,1488,5,297.6,#EDF7B4
SILVER 43,3971,10,397.1,#3180B6
SILVER LATE 30,4788,15,319.2,#3180B6
SILVER WEEKEND 31,4787,15,319.1333333,#3180B6
SILVER WEEKEND 42,1488,3,496,#3180B6
TEAL 23,3988,15,265.8666667,#EDF7B4
TEAL 24,2084,7,297.7142857,#EDF7B4
TEAL 25,3779,12,314.9166667,#3180B6
TEAL 26,3971,10,397.1,#3180B6
TEAL 27,1903,7,271.8571429,#EDF7B4
TEAL 34,4145,15,276.3333333,#EDF7B4
TEAL 35,2242,8,280.25,#EDF7B4
TEAL 45,4049,7,578.4285714,#3180B6
TEAL 98,4140,12,345,#3180B6
TEAL 99,5661,19,297.9473684,#EDF7B4
TEAL EVENING 12,5683,19,299.1052632,#EDF7B4
TEAL EVENING 13,6130,17,360.5882353,#3180B6
TEAL EVENING 14,6130,17,360.5882353,#3180B6
TEAL LATE 14,6150,17,361.7647059,#3180B6
TEAL WEEKEND 16,5683,19,299.1052632,#EDF7B4
TEAL WEEKEND 45,4049,7,578.4285714,#3180B6
YELLOW 10,9602,20,480.1,#3180B6
YELLOW 11,15007,35,428.7714286,#3180B6
YELLOW 13,8624,30,287.4666667,#EDF7B4
YELLOW 14,23631,68,347.5147059,#3180B6
YELLOW 15,971,8,121.375,#EDF7B4
YELLOW 29,8624,23,374.9565217,#3180B6
YELLOW 4,11962,27,443.037037,#3180B6
YELLOW 50,6030,12,502.5,#3180B6
YELLOW 51,11162,20,558.1,#3180B6
YELLOW 52,5254,12,437.8333333,#3180B6
YELLOW 6,10633,27,393.8148148,#3180B6
YELLOW 62,16161,36,448.9166667,#3180B6
YELLOW 7,14206,43,330.372093,#3180B6
YELLOWHOPPER 17,4034,18,224.1111111,#EDF7B4
YELLOWHOPPER 23,4603,14,328.7857143,#3180B6
YELLOWHOPPER 25,6435,18,357.5,#3180B6
YELLOWHOPPER 26,4507,17,265.1176471,#EDF7B4
[@124.0.92229742@]12E TEAL WEEKEND 13,6130,20,306.5,#3180B6
[@124.0.92229742@]12W TEAL WEEKEND 12,5683,19,299.1052632,#EDF7B4
[@124.0.92229742@]TEAL WEEKEND 16,5683,19,299.1052632,#EDF7B4
[@124.0.92229742@]TEAL WEEKEND 45,4049,10,404.9,#3180B6
[@124.0.92234822@]1,11032,22,501.4545455,#3180B6
[@124.0.92234822@]19,1439,5,287.8,#EDF7B4
[@124.0.92234822@]2,14000,23,608.6956522,#82CCBB
[@124.0.92234822@]3,9166,13,705.0769231,#82CCBB
[@124.0.92236898@]100N,25842,70,369.1714286,#3180B6
[@124.0.92236898@]100N->IT,16239,45,360.8666667,#3180B6
[@124.0.92236898@]100NGRNWRT->,11610,34,341.4705882,#3180B6
[@124.0.92236898@]100S,24831,69,359.8695652,#3180B6
[@124.0.92236898@]100S->1STGRG,11670,41,284.6341463,#EDF7B4
[@124.0.92236898@]100SPLAZA->,14162,33,429.1515152,#3180B6
[@124.0.92236898@]483,8624,28,308,#3180B6
[@124.0.92236898@]485,11670,41,284.6341463,#EDF7B4
[@124.0.92236898@]Y1SATPO,4779,8,597.375,#3180B6
[@124.0.92236898@]Y2SUNPO,3634,5,726.8,#82CCBB
[@124.0.92241454@]4,2476,10,247.6,#EDF7B4
[@124.0.92241454@]5,1465,3,488.3333333,#3180B6
[@124.0.92241454@]7,3376,10,337.6,#3180B6
[@124.0.92244155@]22N ILLINI LIMITED WEEKEND,4226,12,352.1666667,#3180B6
[@124.0.92244155@]5,4094,7,584.8571429,#3180B6
[@124.0.92244155@]ILLINI LIMITED WEEKEND 845,4443,13,341.7692308,#3180B6
[@124.0.92246230@]1,10824,22,492,#3180B6
[@124.0.92246230@]2,13874,28,495.5,#3180B6
[@124.0.92246230@]4,12243,24,510.125,#3180B6
[@124.0.92247832@]100N,25849,70,369.2714286,#3180B6
[@124.0.92247832@]100N->IT,16246,45,361.0222222,#3180B6
[@124.0.92247832@]100S,24831,69,359.8695652,#3180B6
[@124.0.92247832@]100S->1STGRG,11670,37,315.4054054,#3180B6
[@124.0.92247832@]100S->PLAZA,10669,36,296.3611111,#EDF7B4
[@124.0.92247832@]9,20974,65,322.6769231,#3180B6
[@124.0.92254999@]43,19870,42,473.0952381,#3180B6
[@124.0.92254999@]45,21721,44,493.6590909,#3180B6
[@124.0.92254999@]46,12460,27,461.4814815,#3180B6
[@124.0.92254999@]51,11002,27,407.4814815,#3180B6
[@124.0.92260187@]220N ILLINI 10,10343,34,304.2058824,#3180B6
[@124.0.92260187@]220S ILLINI 20,9655,34,283.9705882,#EDF7B4
[@124.0.92260187@]24,3769,7,538.4285714,#3180B6
[@124.0.92260187@]ILLINI EV 25,3971,10,397.1,#3180B6
[@124.0.92263401@]220N ILLINI 10,10343,34,304.2058824,#3180B6
[@124.0.92263401@]220S ILLINI 20,9655,34,283.9705882,#EDF7B4
[@124.0.92263401@]24,3769,7,538.4285714,#3180B6
[@124.0.92263401@]ILLINI EV 25,3971,10,397.1,#3180B6
[@124.0.92275054@]120E TEAL LATE 13,6150,20,307.5,#3180B6
[@124.0.92275054@]120W TEAL LATE 12,5670,19,298.4210526,#EDF7B4
[@124.0.92275054@]TEAL LATE 14,6150,17,361.7647059,#3180B6
[@124.0.92276155@]120E TEAL LATE 13,6150,20,307.5,#3180B6
[@124.0.92276155@]120W TEAL LATE 12,5670,19,298.4210526,#EDF7B4
[@124.0.92276155@]TEAL LATE 14,6150,17,361.7647059,#3180B6
[@124.0.92279199@]TEAL EVENING 12,5683,19,299.1052632,#EDF7B4
[@124.0.92279199@]TEAL EVENING 13,6130,20,306.5,#3180B6
[@124.0.92279199@]TEAL EVENING 14,6130,17,360.5882353,#3180B6
[@124.0.92281033@]130N SILVER WEEKEND 1,5788,18,321.5555556,#3180B6
[@124.0.92281033@]130N SILVER WEEKEND 2,4657,14,332.6428571,#3180B6
[@124.0.92281033@]130S SILVER WEEKEND 3,5896,17,346.8235294,#3180B6
[@124.0.92281033@]SILVER WEEKEND 31,4787,15,319.1333333,#3180B6
[@124.0.92281033@]SILVER WEEKEND 42,1488,3,496,#3180B6
[@124.0.92281033@]SILVER WEEKEND 43,3971,10,397.1,#3180B6
[@124.0.92284627@]130N SILVER EVENING 1,5788,18,321.5555556,#3180B6
[@124.0.92284627@]130N SILVER EVENING 2,4657,14,332.6428571,#3180B6
[@124.0.92284627@]130S SILVER EVENING 3,5896,17,346.8235294,#3180B6
[@124.0.92284627@]SILVER 121,4787,15,319.1333333,#3180B6
[@124.0.92286725@]130N SILVER EVENING 1,5788,18,321.5555556,#3180B6
[@124.0.92286725@]130N SILVER EVENING 2,4657,14,332.6428571,#3180B6
[@124.0.92286725@]130S SILVER EVENING 3,5896,17,346.8235294,#3180B6
[@124.0.92286725@]SILVER 121,4787,15,319.1333333,#3180B6
[@124.0.92311676@]32,15212,37,411.1351351,#3180B6
[@124.0.92311676@]50E GREEN 53,8553,24,356.375,#3180B6
[@124.0.92311676@]50W GREEN 59,15523,41,378.6097561,#3180B6
[@124.0.92311676@]71,20861,56,372.5178571,#3180B6
[@124.0.92311676@]GREEN EV 61,5280,18,293.3333333,#EDF7B4
[@124.0.92311676@]GREEN EVENING 39,17666,45,392.5777778,#3180B6
[@124.0.92319406@]1,15274,47,324.9787234,#3180B6
[@124.0.92319406@]20,7866,20,393.3,#3180B6
[@124.0.92319406@]4,22473,54,416.1666667,#3180B6
[@124.0.92319406@]7,21520,59,364.7457627,#3180B6
[@124.0.92319406@]9,6509,15,433.9333333,#3180B6
[@124.0.92327957@]100 LATE 3,4498,14,321.2857143,#3180B6
[@124.0.92327957@]100 LATE 4,7471,18,415.0555556,#3180B6
[@124.0.92327957@]100 LATE 5,11485,29,396.0344828,#3180B6
[@124.0.92327957@]100N-LATE,4606,14,329,#3180B6
[@124.0.92327957@]100NLTNT->,12077,31,389.5806452,#3180B6
[@124.0.92327957@]100SLTNT->,11573,29,399.0689655,#3180B6
[@124.0.92327957@]32,10435,26.5,386.4814815,#3180B6
[@124.0.92330667@]100 LATE 3,4498,14,321.2857143,#3180B6
[@124.0.92330667@]100 LATE 4,7471,17,439.4705882,#3180B6
[@124.0.92330667@]100 LATE 5,11485,28,410.1785714,#3180B6
[@124.0.92330667@]100NLTNT->,12077,31,389.5806452,#3180B6
[@124.0.92330667@]100SLTNT->,11573,29,399.0689655,#3180B6
[@124.0.92334988@]1,3493,10,349.3,#3180B6
[@124.0.92334988@]219,20146,57,353.4385965,#3180B6
[@124.0.92334988@]395,11209,28,400.3214286,#3180B6
[@124.0.92334988@]397,11710,36,325.2777778,#3180B6
[@124.0.92334988@]50E->LS,8544,28,305.1428571,#3180B6
[@124.0.92334988@]50E->PC,17657,48,367.8541667,#3180B6
[@124.0.92334988@]50W-WKND,14225,48,296.3541667,#EDF7B4
[@124.0.92334988@]50W-WKND->IT,15533,42,369.8333333,#3180B6
[@124.0.92334988@]GN1SUNPO,1410,3,470,#3180B6
[@124.0.92334988@]GN4SUNPO,7884,20,394.2,#3180B6
[@124.0.92334988@]GN5SUNPO,6454,10,645.4,#82CCBB
[@124.0.92334988@]GREEN WEEKEND 32,9113,20,455.65,#3180B6
[@124.0.92344750@]50E->50WLNIGHT,6489,15,432.6,#3180B6
[@124.0.92344750@]50E-LATE,6489,15,432.6,#3180B6
[@124.0.92344750@]50W-LATE,5055,15,337,#3180B6
[@124.0.92344750@]50WLTNT->,5055,15,337,#3180B6
[@124.0.92345918@]50E-LATE,6489,14,463.5,#3180B6
[@124.0.92345918@]50W-LATE,5055,14,361.0714286,#3180B6
[@124.0.92348983@]22N 316,4226,12,352.1666667,#3180B6
[@124.0.92348983@]ILLINI 845 315,4443,13,341.7692308,#3180B6
[@124.0.92350475@]2,2476,10,247.6,#EDF7B4
[@124.0.92350475@]3,3376,10,337.6,#3180B6
[@14.0.51708617@]32,14436,35,412.4571429,#3180B6
[@14.0.56288268@]341,3844,10,384.4,#3180B6
[@14.0.56288340@]23,28969,73,396.8356164,#3180B6
[@14.0.56288404@]14,9364,18,520.2222222,#3180B6
[@14.0.56288404@]21,2699,5,539.8,#3180B6
[@14.0.56288404@]24,4255,5,851,#82CCBB
[@14.0.56288404@]31,1410,3,470,#3180B6
[@14.0.56288404@]32,3082,10,308.2,#3180B6
[@14.0.56288404@]33,8777,10,877.7,#82CCBB
[@14.0.56288404@]40,29742,81,367.1851852,#3180B6
[@14.0.56288404@]42,25780,80,322.25,#3180B6
[@14.0.56288404@]45,6507,20,325.35,#3180B6
[@14.0.56288404@]5,25217,71,355.1690141,#3180B6
[@14.0.56288498@]24,3769,7,538.4285714,#3180B6
[@14.0.56288722@]18,3343,17,196.6470588,#EDF7B4
[@14.0.56288722@]34,8777,15,585.1333333,#3180B6
[@14.0.56288722@]35,3938,12,328.1666667,#3180B6
[@14.0.56288722@]36,7395,10,739.5,#82CCBB
[@14.0.56288722@]64,4551,18,252.8333333,#EDF7B4
[@14.0.56288947@]26,12826,28,458.0714286,#3180B6
[@14.0.56289002@]26,5977,12,498.0833333,#3180B6
[@14.0.56289035@]63,4548,7,649.7142857,#82CCBB
[@14.0.57586460@]38,7884,20,394.2,#3180B6
[@14.0.57766396@]100N,25842,70,369.1714286,#3180B6
[@14.0.57766396@]100NGRNWRT->,11610,34,341.4705882,#3180B6
[@14.0.57766396@]100NY1,21972,61,360.1967213,#3180B6
[@14.0.57766396@]100S,24831,69,359.8695652,#3180B6
[@14.0.57766396@]100S->BRWSWDFLD,16207,41,395.2926829,#3180B6
[@14.0.57766396@]Y1SATPO,4779,10,477.9,#3180B6
[@14.0.57766396@]Y3SATPO,8983,15,598.8666667,#3180B6
[@15.0.59410957@]1,9175,30,305.8333333,#3180B6
[@15.0.59410957@]2,10165,20,508.25,#3180B6
[@15.0.60390798@]11,19569,47,416.3617021,#3180B6
[@15.0.60391334@]37,7868,20,393.4,#3180B6
[@15.0.60391486@]2,5076,16,317.25,#3180B6
[@15.0.61662606@]1,26127,65,401.9538462,#3180B6
[@15.0.61662606@]11,26076,67,389.1940299,#3180B6
[@15.0.61662606@]114,4739,8,592.375,#3180B6
[@15.0.61662606@]133,17541,34,515.9117647,#3180B6
[@15.0.61662606@]136,6029,12,502.4166667,#3180B6
[@15.0.61662606@]137,6029,17,354.6470588,#3180B6
[@15.0.61662606@]138,17793,43.9667,404.3863636,#3180B6
[@15.0.61662606@]140,7827,15,521.8,#3180B6
[@15.0.61662606@]364,25672,63,407.4920635,#3180B6
[@15.0.61662606@]366,25621,65,394.1692308,#3180B6
[@15.0.61662606@]574,27932,75,372.4266667,#3180B6
[@15.0.61662606@]590,12654,29,436.3448276,#3180B6
[@15.0.61662606@]591,14567,35,416.2,#3180B6
[@15.0.61662606@]593,6348,16,396.75,#3180B6
[@15.0.61662606@]690,8261,20,413.05,#3180B6
[@15.0.61662606@]694,8131,24,338.7916667,#3180B6
[@15.0.61662606@]706,7884,15,525.6,#3180B6
[@15.0.61662606@]714,4824,10,482.4,#3180B6
[@15.0.61662606@]754,7868,15,524.5333333,#3180B6
[@15.0.61734120@]1,7534,30,251.1333333,#EDF7B4
[@15.0.61734120@]2,5774,12,481.1666667,#3180B6
[@15.0.61734120@]215,20774,74,280.7297297,#EDF7B4
[@15.0.61734120@]225,15892,46,345.4782609,#3180B6
[@15.0.61734120@]240,26607,74,359.5540541,#3180B6
[@15.0.61734120@]316,14013,35,400.3714286,#3180B6
[@15.0.61734120@]335,5774,13,444.1538462,#3180B6
[@15.0.63188916@]15,4712,10,471.2,#3180B6
[@15.0.63189004@]23,24839,70,354.8428571,#3180B6
[@15.0.63189004@]25,15237,45,338.6,#3180B6
[@15.0.63189099@]29,6489,22,294.9545455,#EDF7B4
[@15.0.63189138@]10,16207,40,405.175,#3180B6
[@15.0.63189138@]25,15808,41,385.5609756,#3180B6
[@15.0.63189138@]8,13267,29,457.4827586,#3180B6
[@15.0.63189138@]9,20974,59,355.4915254,#3180B6
[@15.0.63189208@]3,1486,3,495.3333333,#3180B6
[@15.0.63191692@]369,23608,56,421.5714286,#3180B6
[@15.0.63191692@]370,11488,25,459.52,#3180B6
[@15.0.63191692@]43,9709,25,388.36,#3180B6
[@15.0.63191892@]26,11923,36,331.1944444,#3180B6
[@15.0.63192037@]1,13219,33,400.5757576,#3180B6
[@15.0.63192037@]3,12924,35,369.2571429,#3180B6
[@15.0.63192037@]4,14134,29,487.3793103,#3180B6
[@15.0.63192099@]7,10453,27,387.1481481,#3180B6
[@15.0.63192124@]23,3938,10,393.8,#3180B6
[@15.0.63192185@]43,6873,17,404.2941176,#3180B6
[@15.0.63192321@]21,12819,33,388.4545455,#3180B6
[@15.0.63192321@]25,9144,27,338.6666667,#3180B6
[@15.0.63192528@]43,12988,40,324.7,#3180B6
[@15.0.63192662@]3,11901,31,383.9032258,#3180B6
[@15.0.63192662@]36,3892,10,389.2,#3180B6
[@15.0.63192662@]4,13662,35,390.3428571,#3180B6
[@15.0.63192662@]5,8165,22,371.1363636,#3180B6
[@15.0.63192662@]604,8143,23,354.0434783,#3180B6
[@15.0.63192993@]31,14451,32,451.59375,#3180B6
[@15.0.64600293@]1,7548,14,539.1428571,#3180B6
[@15.0.64600293@]17,1439,3,479.6666667,#3180B6
[@15.0.64600293@]2,11138,21,530.3809524,#3180B6
[@15.0.64613606@]1,10824,22,492,#3180B6
[@15.0.64613606@]2,13874,28,495.5,#3180B6
[@15.0.64613606@]3,3721,6,620.1666667,#82CCBB
[@15.0.64613606@]4,12243,24,510.125,#3180B6
[@15.0.64657075@]1,11032,20,551.6,#3180B6
[@15.0.64657075@]19,1439,3,479.6666667,#3180B6
[@15.0.64657075@]2,14000,28,500,#3180B6
[@15.0.66063517@]6,1631,5,326.2,#3180B6
[@15.0.66063553@]12,9284,31.5,290.125,#EDF7B4
[@15.0.66064083@]23,12062,33,365.5151515,#3180B6
[@15.0.66064083@]71,20861,56,372.5178571,#3180B6
[@15.0.66064083@]76,3219,6,536.5,#3180B6
[@15.0.66064923@]3,9166,17,539.1764706,#3180B6
[@15.0.66066034@]15,21789,57,382.2631579,#3180B6
[@15.0.66066034@]53,19760,52,380,#3180B6
[@15.0.67916770@]1,1465,3,488.3333333,#3180B6
[@15.0.67916770@]2,2476,10,247.6,#EDF7B4
[@15.0.67916770@]3,3376,10,337.6,#3180B6
[@15.0.67924657@]4,2476,10,247.6,#EDF7B4
[@15.0.67924657@]7,3376,10,337.6,#3180B6
[@15.0.68508734@]48,21641,66,327.8939394,#3180B6
[@15.0.68508734@]57,8707,23,378.5652174,#3180B6
[@15.0.68508734@]58,2411,7,344.4285714,#3180B6
[@15.0.68508734@]65,22581,66,342.1363636,#3180B6
[@15.0.68508734@]66,17910,49,365.5102041,#3180B6
[@15.0.68508995@]2,20682,54,383,#3180B6
[@15.0.68508995@]404,6509,15,433.9333333,#3180B6
[@15.0.68508995@]405,14332,39,367.4871795,#3180B6
[@15.0.68511845@]30,5578,12.6667,429.0769231,#3180B6
[@15.0.68511981@]39,10993,35,314.0857143,#3180B6
[@15.0.68511981@]91,14840,47,315.7446809,#3180B6
[@15.0.68511981@]92,7457,24,310.7083333,#3180B6
[@15.0.68511981@]93,14537,40,363.425,#3180B6
[@15.0.68511981@]95,6359,27,235.5185185,#EDF7B4
[@15.0.68511981@]99,15108,41,368.4878049,#3180B6
[@15.0.68512008@]101,4507,14,321.9285714,#3180B6
[@15.0.68512037@]696,2101,7,300.1428571,#3180B6
[@15.0.68512361@]3,4009,5,801.8,#82CCBB
[@15.0.68512430@]37,4009,5,801.8,#82CCBB
[@15.0.68512430@]585,7153,19,376.4736842,#3180B6
[@15.0.68512636@]18,4518,11,410.7272727,#3180B6
[@15.0.68512636@]19,17271,46,375.4565217,#3180B6
[@15.0.68512808@]3,4392,11,399.2727273,#3180B6
[@15.0.68512960@]110,8544,24,356,#3180B6
[@15.0.68512960@]111,12214,31,394,#3180B6
[@15.0.68512960@]112,4507,14,321.9285714,#3180B6
[@15.0.68512960@]65,12153,37,328.4594595,#3180B6
[@15.0.68513015@]219,20146,57,353.4385965,#3180B6
[@15.0.68513015@]220,12153,38,319.8157895,#3180B6
[@15.0.68513188@]4,9604,34,282.4705882,#EDF7B4
[@15.0.68513410@]21,6432,18,357.3333333,#3180B6
[@15.0.68513410@]63,4183,12,348.5833333,#3180B6
[@15.0.69155236@]1,9916,30,330.5333333,#3180B6
[@15.0.69155236@]36,5164,12,430.3333333,#3180B6
[@15.0.69155236@]37,7612,30,253.7333333,#EDF7B4
[@15.0.69155236@]530,10858,24,452.4166667,#3180B6
[@15.0.69155236@]540,12711,26.6167,470.7777778,#3180B6
[@15.0.69155236@]57,5178,12,431.5,#3180B6
[@15.0.69172548@]1,22326,56,398.6785714,#3180B6
[@15.0.69172548@]2,21443,58,369.7068966,#3180B6
[@15.0.69172548@]7,4009,10,400.9,#3180B6
[@15.0.70780160@]363,2482,9.5,248.2,#EDF7B4
[@15.0.70780451@]31,15269,30,508.9666667,#3180B6
[@15.0.70780822@]4,11893,29,410.1034483,#3180B6
[@15.0.70781343@]3,12919,30,430.6333333,#3180B6
[@15.0.70781976@]15,18506,43,430.372093,#3180B6
[@15.0.71205318@]1,3892,10,389.2,#3180B6
[@15.0.71205318@]2,9687,15,645.8,#82CCBB
[@15.0.71205318@]30NIT->BB,12634,29,435.6551724,#3180B6
[@15.0.71205318@]30SBB->IT,12770,29,440.3448276,#3180B6
[@15.0.73006437@]18,9560,25,382.4,#3180B6
[@15.0.73006437@]37,14600,37,394.5945946,#3180B6
[@15.0.73006437@]38,20608,54,381.6296296,#3180B6
[@15.0.73007178@]121,1354,5,270.8,#EDF7B4
[@15.0.73007320@]111,14744,49,300.8979592,#3180B6
[@15.0.73007320@]13,6317,10,631.7,#82CCBB
[@15.0.73007320@]506,9600,28,342.8571429,#3180B6
[@15.0.73007815@]73,14328,37,387.2432432,#3180B6
[@15.0.73007921@]22,15282,42,363.8571429,#3180B6
[@15.0.73008535@]13,7883,20,394.15,#3180B6
[@15.0.73008754@]31,10985,26,422.5,#3180B6
[@15.0.73008754@]33,12443,30,414.7666667,#3180B6
[@15.0.73008754@]35,13282,30,442.7333333,#3180B6
[@15.0.73008754@]38,11347,26,436.4230769,#3180B6
[@15.0.73008754@]39,13645,30,454.8333333,#3180B6
[@15.0.73009433@]41,21173,55,384.9636364,#3180B6
[@15.0.73009433@]43,19968,42,475.4285714,#3180B6
[@15.0.73009433@]44,11196,26,430.6153846,#3180B6
[@15.0.73009433@]45,21819,44,495.8863636,#3180B6
[@15.0.73009433@]51,11001,27,407.4444444,#3180B6
[@15.0.73009483@]22,4408,11,400.7272727,#3180B6
[@15.0.74000704@]37,7868,15,524.5333333,#3180B6
[@15.0.74000704@]38,7868,15,524.5333333,#3180B6
[@15.0.74000704@]41,11347,26,436.4230769,#3180B6
[@15.0.74000704@]51,10992,26,422.7692308,#3180B6
[@15.0.79613563@]47,3756,15,250.4,#EDF7B4
[@2.0.80546279@]243,3493,7,499,#3180B6
[@2.0.80546903@]58,26773,72,371.8472222,#3180B6
[@2.0.80546903@]59,24744,63,392.7619048,#3180B6
[@2.0.80547772@]12,3025,5.6667,504.1666667,#3180B6
[@2.0.80548152@]2,20098,50,401.96,#3180B6
[@2.0.81457398@]15,6811,23,296.1304348,#EDF7B4
[@2.0.81457398@]16,6832,18,379.5555556,#3180B6
[@2.0.81838518@]100,10549,25,421.96,#3180B6
[@2.0.81838518@]101,23412,45,520.2666667,#3180B6
[@2.0.81838518@]102,9389,18,521.6111111,#3180B6
[@2.0.81838518@]103,23703,45,526.7333333,#3180B6
[@2.0.81838518@]104,7884,20,394.2,#3180B6
[@2.0.81838518@]12,27211,48,566.8958333,#3180B6
[@2.0.82999720@]3,12811,22,582.3181818,#3180B6
[@2.0.83502711@]3,18411,39,472.0769231,#3180B6
[@2.0.84876422@]22,5637,15,375.8,#3180B6
[@2.0.84876422@]62,9740,21.6667,442.7272727,#3180B6
[@2.0.84876422@]885,16723,38.5,428.7948718,#3180B6
[@2.0.84876422@]LAVENDER 1,15039,29,518.5862069,#3180B6
[@2.0.84876422@]LAVENDER 1415,23412,59,396.8135593,#3180B6
[@2.0.84876422@]LAVENDER 1425,16716,45,371.4666667,#3180B6
[@2.0.84876422@]LAVENDER 1440,11666,22,530.2727273,#3180B6
[@2.0.84876422@]LAVENDER 1505,19957,49,407.2857143,#3180B6
[@2.0.84876422@]LAVENDER 43,14307,35,408.7714286,#3180B6
[@2.0.84876422@]LP1SCHOOLPO,18094,42,430.8095238,#3180B6
[@2.0.84887452@]67,3308,10,330.8,#3180B6
[@2.0.84887452@]7,11357,37,306.9459459,#3180B6
[@2.0.84887452@]GREEN 1,3504,7,500.5714286,#3180B6
[@2.0.84887452@]GREEN 2,8036,19,422.9473684,#3180B6
[@2.0.84887452@]GREEN 3,4848,26,186.4615385,#EDF7B4
[@2.0.84887452@]GREEN 336,10138,42,241.3809524,#EDF7B4
[@2.0.84887452@]S6 ALT,8570,27.25,317.4074074,#3180B6
[@2.0.84887452@]SCWD UMS,8269,25.25,330.76,#3180B6
[@2.0.84907145@]1435,25833,50,516.66,#3180B6
[@2.0.84907145@]21,12120,40,303,#3180B6
[@2.0.84907145@]25,11856,35,338.7428571,#3180B6
[@2.0.84907145@]326,9526,25,381.04,#3180B6
[@2.0.84907145@]331,3252,15,216.8,#EDF7B4
[@2.0.84907145@]336,6915,29,238.4482759,#EDF7B4
[@2.0.84907145@]34,12708,25,508.32,#3180B6
[@2.0.84907145@]36,11189,24,466.2083333,#3180B6
[@2.0.84907145@]7W SHOW 226,4868,14,347.7142857,#3180B6
[@2.0.84907145@]7W SHOW 97,910,2.3333,455,#3180B6
[@2.0.84907145@]7W UHS 216,7496,26,288.3076923,#EDF7B4
[@2.0.84907145@]88,8931,24,372.125,#3180B6
[@2.0.84907145@]BA3-3 58,7071,17,415.9411765,#3180B6
[@2.0.84907145@]GREY 1415,4710,24.25,196.25,#EDF7B4
[@2.0.84907145@]GREY 1425,9918,39,254.3076923,#EDF7B4
[@2.0.84907145@]GREY 1525,3937,10,393.7,#3180B6
[@2.0.84907145@]GREY 1535,6194,33,187.6969697,#EDF7B4
[@2.0.84916234@]65,25786,72,358.1388889,#3180B6
[@2.0.84927215@]2,7171,21.85,325.9545455,#3180B6
[@2.0.84927215@]GOLD 1,9957,24.6,398.28,#3180B6
[@2.0.84927215@]GOLD 1505,7554,7.5,944.25,#82CCBB
[@2.0.84927215@]GOLD 1535,7448,16,465.5,#3180B6
[@2.0.84927215@]GOLD 336,9604,33,291.030303,#EDF7B4
[@2.0.84927215@]ORB2 UMS,9184,20,459.2,#3180B6
[@2.0.84948307@]11,7615,20,380.75,#3180B6
[@2.0.84948307@]133,12192,39.5,304.8,#3180B6
[@2.0.84948307@]2,8399,17,494.0588235,#3180B6
[@2.0.84948307@]22,12071,32,377.21875,#3180B6
[@2.0.84948307@]7,14023,35,400.6571429,#3180B6
[@2.0.84953216@]33,18083,50,361.66,#3180B6
[@2.0.84953216@]43,19285,50,385.7,#3180B6
[@2.0.84953216@]GREEN EX 1425,19358,63,307.2698413,#3180B6
[@2.0.85633009@]76,15430,44,350.6818182,#3180B6
[@2.0.85633009@]78,9682,15,645.4666667,#82CCBB
[@2.0.85633622@]8,6356,25,254.24,#EDF7B4
[@2.0.85634618@]21,13453,35,384.3714286,#3180B6
[@2.0.85634827@]37,13270,39,340.2564103,#3180B6
[@2.0.85635071@]58,7152,17,420.7058824,#3180B6
[@2.0.86175868@]18,4639,13,356.8461538,#3180B6
[@2.0.86175868@]19,1699,3,566.3333333,#3180B6
[@2.0.86175868@]25,11072,34,325.6470588,#3180B6
[@2.0.86175868@]27,917,3,305.6666667,#3180B6
[@2.0.86175868@]34,8737,21,416.047619,#3180B6
[@2.0.86175868@]42,7544,15,502.9333333,#3180B6
[@2.0.86175868@]53,1730,4,432.5,#3180B6
[@2.0.86175868@]56,3844,10,384.4,#3180B6
[@2.0.86175868@]6WIT->CF,13713,39,351.6153846,#3180B6
[@2.0.86175868@]7,11753,30,391.7666667,#3180B6
[@2.0.86175868@]70,2847,5,569.4,#3180B6
[@2.0.86175868@]75,7590,20,379.5,#3180B6
[@2.0.86175868@]ORANGE 12,8813,18,489.6111111,#3180B6
[@2.0.86175868@]ORANGE 13,13452,43,312.8372093,#3180B6
[@2.0.86175868@]ORANGE 14,4405,12,367.0833333,#3180B6
[@2.0.86175868@]ORANGE 16,4408,13,339.0769231,#3180B6
[@2.0.86175868@]ORANGE 17,7590,30,253,#EDF7B4
[@2.0.86175868@]ORANGE 23,3892,10,389.2,#3180B6
[@2.0.86175868@]ORANGE 24,1410,3,470,#3180B6
[@2.0.86175868@]ORANGE 31,16282,55,296.0363636,#EDF7B4
[@2.0.86175868@]ORANGE 32,4975,10,497.5,#3180B6
[@2.0.86175868@]ORANGE 33,11775,28,420.5357143,#3180B6
[@2.0.86175868@]ORANGE 610,1439,3,479.6666667,#3180B6
[@2.0.86175868@]ORANGE 63,9206,27,340.962963,#3180B6
[@2.0.86175868@]ORANGE 64,8737,24,364.0416667,#3180B6
[@2.0.86232218@]426,16158,43,375.7674419,#3180B6